text,true_label,predicted_label,result,reason
综合布线系统接地装置的接地电阻值要求如下：1 采用共用接地装置时，接地电阻值应不大于1Ω。,direct,direct,正确,该规范明确规定了综合布线系统接地装置的接地电阻值的具体数值要求（不大于1Ω），类似于直接从BIM模型中可以检查的其他具体数值要求（如接地体电阻值不应大于1Ω）。尽管规范可能需要参照特定标准进行验证，但其核心要求是直接可检查的数值条件，因此归类为direct更为合适。
平台、步道、升降口、吊装孔、闸门井和坑池边等有坠落危险处，应设栏杆或盖板，需登高检查和维修设备处，应有防护设施。,direct,direct,正确,该规范明确要求在特定位置设置栏杆或盖板以及防护设施，这些要求可以直接在BIM模型中检查是否存在，符合direct类的特征。尽管规范中提到多个位置，但并未涉及需要对不同位置的防护设施进行综合判断和计算的要求，因此不属于indirect类。
矿井地面生产系统集中控制装置应设有声光兼备的启动预告信号。,direct,direct,正确,该规范明确指出了矿井地面生产系统集中控制装置应设有声光兼备的启动预告信号，这是一个可以直接从BIM模型中检查的属性要求，类似于样例中提到的“应设置正常照明”和“应设置检修平台”。此外，该规范并未涉及施工或维护的具体细节，因此不属于others类。
建筑物内排出管最小管径不得小于86mm。,direct,direct,正确,该规范明确规定了建筑物内排出管的最小管径不得小于86mm，这是一个具体的尺寸要求，可以直接从BIM模型中检查是否符合，无需额外的计算或推导，因此符合direct类的特征。
电炉冶炼噪声的控制宜设置密闭罩或半密闭罩。,direct,method,错误,尽管“宜设置密闭罩或半密闭罩”可以直观地在BIM模型中进行检查，但该规范主要强调的是推荐采取的具体措施来控制电炉冶炼噪声，符合method类中关于应采取某种方法或措施的定义。因此，该规范更适合归类为method类。
楼梯梯段中间窗及平台处窗，其窗台高度小于0．8m时，应设防护栏杆，且高度应与楼梯栏杆一致。,direct,indirect,错误,虽然规范提到了具体的窗台高度和防护栏杆高度要求，这些信息可以部分直接从BIM模型中获取，但其核心要求是在特定条件下（即窗台高度小于0.8m时）增设防护栏杆，并且防护栏杆的高度需要与楼梯栏杆一致，这涉及到对多个实体（窗台和防护栏杆）的高度进行对比和判断，因此需要一定的推导和计算过程，更符合indirect类的特征。
实验室工作台间通道宽度不应小于1．20m。,direct,direct,正确,根据提供的样本，direct类的样本通常涉及对特定空间或通道宽度的具体数值要求，这些要求可以直接从BIM模型中检查是否符合规范。例如，“观众厅内通往轮椅席位的通道宽度不应小于1．20m”和“实验室工作台间通道宽度不应小于5．81m”。而indirect类则更多涉及到多个实体之间的距离或位置关系，需要进行一定的计算或推导。因此，该规范“实验室工作台间通道宽度不应小于1．20m”明确指定了通道宽度的具体数值，可以直接检查，符合direct类的特征。
填方路基应优先选用级配较好的砾类土、砂类土等粗粒土作为填料，填料最大粒径应小于150mm。,direct,direct,正确,该规范明确了填方路基应优先选用的填料类型及最大粒径的具体限制（最大粒径应小于150mm）。此信息类似于direct类的其他例子，它们均涉及具体的尺寸或材质要求，可以直接从BIM模型中进行检查验证，而不需进一步的推导或计算。因此，该规范属于direct类。
厂房生产车间、地面应采用耐磨地面，有腐蚀介质的场所应采用防腐蚀地面。,direct,method,错误,尽管规范中提到了具体的地面材料（耐磨地面和防腐蚀地面），但核心在于强调“应采用”的措施，即规定了具体的处理方式或方法。这与method类定义中的“规定了应采取的方法或措施”相吻合，因此更符合method类的特征。
疗养院应设置医技用房，根据疗养院的规模、性质，可设置与其匹配的基础检查室及医疗设备用房，可包括检验、X光室、心电图室、超声波室、化验室，根据需要还可设置影像检查、核医学诊断等科室。,direct,general,错误,"尽管规范提到了具体的设施设置要求，如""医技用房""和""基础检查室及医疗设备用房""，但整体上它提供的是关于疗养院设施设置的总体指导原则，属于宏观设计指导思想。这与direct类中具体的、可直接从BIM模型中检查的单一物理约束不同，因此更符合general类的特征。"
体育馆或运动员经常出入的门扇净高不应小于2.2m 。,direct,direct,正确,该规范明确规定了体育馆或运动员经常出入的门扇净高不应小于2.2m，这一具体的尺寸要求可以直接从BIM模型中检查是否符合，不需要额外的推导或计算，因此属于direct类。
两个路口间的消防车道长度大于300m时，尽头式消防车道应在该消防车道的中段设置回车场。,direct,indirect,错误,该规范提到“两个路口间的消防车道长度大于300m时”，需要基于消防车道长度这一条件进行判断，进而决定是否需要在中段设置回车场。这涉及到从BIM模型中提取两个路口间消防车道的实际长度，并进行比较和判断，因此符合indirect类需要间接计算和推导的要求，而不是直接检查实体的存在或属性。
汽车衡两端引道直线段长度不应小于设计的最长一辆车长。,direct,indirect,错误,尽管规范中提出了具体的长度要求，但该要求涉及汽车衡两端引道与设计车辆长度之间的关系，需要基于设计车辆的具体尺寸进行间接计算或推导，符合indirect类的特征。直接类的样本更多涉及固定尺寸或明确的位置要求，而不涉及基于其他实体属性进行的计算。
不同材料交界处宜附加一层直径为1mm的金属网搭接，金属网宽度宜为200mm～300mm。,direct,indirect,错误,尽管该规范给出了具体的尺寸要求（例如金属网宽度为200mm～300mm），但它描述的是不同材料交界处需要附加金属网的措施，这种附加措施和其具体实施细节需要基于不同材料的交界面来进行，涉及到了一定的推导和判断过程，因此更符合indirect类的特征。
木丝水泥预制保温墙板长度不宜大于6000mm，高度不宜大于4000mm；芯材厚度不宜大于300mm，且不宜小于150mm。,direct,direct,正确,规范中的尺寸限制（长度、高度、厚度）均为直接规定了木丝水泥预制保温墙板的具体物理尺寸要求，可以明确从BIM模型中检查这些尺寸是否符合规定，无需额外的推导和计算，因此属于direct类。
工艺装置内露天布置的塔、容器等设备应设防雷保护设施，当壁厚不小于4mm时，可不设避雷针保护，但应设防雷接地。,direct,direct,正确,尽管规范中提到多个实体（塔、容器等设备）及其关联属性（壁厚、防雷保护设施），但它主要描述的是明确的物理存在要求（设防雷保护设施）和具体的物理属性要求（壁厚不小于4mm）。这些信息可以直接从BIM模型中检查是否存在和是否满足条件，无需进行额外的推导或计算，因此归类为direct类更为合适。
机物料库内应隔出60m²～100m²作为橡胶辊储存室。,direct,direct,正确,尽管规范中涉及具体尺寸范围（60m²～100m²），但这属于明确的空间划分要求，可以直接在BIM模型中检查是否设置了相应大小的橡胶辊储存室，无需进一步的计算或推导，因此符合direct类的特征。
快速公交系统的专用车道宽度不应小于6．1m。,direct,direct,正确,根据提供的样本和定义，direct类主要涉及直接可以检查的实体属性或空间尺寸，而indirect类则需要进一步计算或推导。待分类文本中提到的“快速公交系统的专用车道宽度不应小于6.1m”是一个明确的空间尺寸要求，可以直接在BIM模型中检查是否满足该宽度要求，无需进行额外的计算或推导，因此更适合归类为direct类。
光缆硅芯塑料管道宜使用内壁平滑型塑料管。,direct,method,错误,"尽管规范提到了具体的物理组件""光缆硅芯塑料管道""及其属性，但是""宜使用""一词表明这是一个推荐性的措施或方法，符合method类的特征，即规定了应采取的方法或措施。这与直接从BIM模型中检查是否存在某个具体组件或属性的direct类不同。"
采用热气溶胶预制灭火系统的防护区，其高度不宜大于3．9m。,direct,direct,正确,该规范明确规定了采用热气溶胶预制灭火系统的防护区的高度限制，类似于其他直接规定高度限制的样本，可以直接从BIM模型中检查是否符合此高度要求，无需进一步计算或推导，因此归类为direct类。
活性氧化铝的粒径应小于 2.5mm ，宜为 0.5～1.5 mm 。,direct,direct,正确,该规范明确了活性氧化铝的粒径应小于2.5mm，且宜为0.5～1.5mm，这些具体的尺寸要求可以直接在BIM模型中检查，无需进一步的计算或推导。因此，该规范符合direct类的特征。
舞蹈教室宜采用木地板。,direct,method,错误,尽管“舞蹈教室宜采用木地板”这一描述可以被直接检查是否在BIM模型中实施，但是由于该规范使用了“宜采用”的措辞，强调的是推荐的做法或措施，符合method类中关于应采取/采用某种方法/措施的定义。因此，更倾向于将其归类为method类。
当采用多振型反应谱法计算时，振型阶数在计算方向给出的有效振型参与质量不应低于该方向结构总质量的90％。,general,indirect,错误,尽管规范提到了一种计算方法（多振型反应谱法），但它具体指出了计算过程中需要达到的一个比例要求（有效振型参与质量不应低于该方向结构总质量的90%）。这个比例要求需要通过对模型中的多个振型进行计算和汇总才能验证，符合indirect类需要通过推导和计算来获取信息的特点，而不是general类的宏观指导。
平房仓结构按承载能力极限状态设计时，应采用荷载效应的基本组合和结构抗力设计值进行设计。,general,general,正确,该规范提供了关于平房仓结构设计时采用荷载效应的基本组合和结构抗力设计值的宏观指导思想，符合general类的特征，即为设计过程提供宏观指导，而不是直接从BIM模型中提取具体数值或进行间接计算的要求。
车间空气中的粉尘浓度、噪声等物理有害因素的排放应符合国家对工作场所有害因素职业接触限值的有关要求。,general,reference,错误,该规范提到“应符合国家对工作场所有害因素职业接触限值的有关要求”，这一表述表明需要参照国家相关标准或规定，与reference类的定义相符，即需要引入外部的标准或条款。尽管该规范也具备一定的宏观指导性质，但其核心在于引用外部的具体要求，而不是单纯的宏观指导，因此更适合归类为reference类。
蓄电池间宜独立设置，蓄电池间的规模应符合磁浮车辆蓄电池检修和充电要求，并应符合车辆基地内配置的其他运输车辆、特种工程车车载蓄电池维护要求。,general,general,正确,尽管规范中提到了具体的维护和检修要求，这些要求更多是对设计过程的整体指导，而不是需要从BIM模型中直接或间接提取和计算的信息。这与general类的定义相符，即提供宏观设计指导而非具体可量化的检查项。
防静电工作区设计应按薄膜晶体管液晶显示器生产工序要求进行分级。,general,general,正确,该规范提供了关于防静电工作区设计的宏观指导，强调应根据生产工序要求进行分级，类似于general类中的其他样例，它们都是对设计过程的宏观指导，而不是指向具体的外部标准或指南。因此，该规范属于general类。
斜壁边坡的设计内容应包括确保边坡稳定的人工加强措施选择、坡体稳定与加强措施的计算和构造、斜壁面层及构件计算与构造、施工技术要求、监测及监测项目报警值要求、监测频率与持续时间要求，以及使用过程中维护和长期监测要求。,general,general,正确,该规范提供了关于斜壁边坡设计内容的宏观指导，涵盖了多个方面的要求，如人工加强措施选择、计算和构造、施工技术要求、监测及维护要求等。这些内容无法直接从BIM模型中提取，而是设计过程中的指导性原则，符合general类的定义。虽然规范中提到一些需要计算和推导的内容，但整体来看，它更多的是提供设计的整体框架和要求，而不是具体的数值或几何关系计算，因此更适合归类为general类。
抗震设计时，结构设计应符合抗震概念设计的要求，厂房结构体系和结构布置除应符合本规范第3．2．3条的规定外，尚应符合下列规定：1 结构体系和结构布置应满足规则性要求。,general,general,正确,尽管规范提到了“本规范第3．2．3条的规定”，但它主要提供了关于抗震设计宏观层面的设计要求和规则性要求，类似于general类的其他样本，强调的是整体设计原则和规则性需求，而不是具体引用其他规范的具体条文或表格。因此，它更适合归类为general类。
在同一沟谷内建设两座或两座以上赤泥堆场时，后建堆场设计时应论证各堆场之间的相互关系与影响。,general,general,正确,该规范描述的是设计过程中对于多座赤泥堆场之间相互关系与影响的论证要求，这是一个宏观的设计指导原则，不涉及具体从BIM模型中直接获取或推导计算具体数值或参数的要求，因此更适合归类为general类。
线路平面曲线半径应根据线路性质、行车速度、工程难易程度，并结合周边环境因地制宜地合理选用。,general,general,正确,该规范提供了宏观的设计指导思想，强调根据多种因素进行综合分析和合理选用，没有明确提到需要参照外部的图表或标准，因此更符合general类的特征。
安全设计应包括校园内防火、防灾、安防设施、通行安全、餐饮设施安全、环境安全等方面的设计。,general,general,正确,该规范提供了关于安全设计的宏观指导，涵盖了防火、防灾、安防设施等多个方面的设计要求，类似于general类样本中的宏观指导性要求，而不是具体描述采取何种具体措施或方法来实现安全性的method类。
桥涵设计所采用的车辆荷载等级，宜根据厂矿道路性质、使用要求、车种和车型、将来的发展需要等确定。,general,general,正确,该规范提供了关于桥涵设计采用车辆荷载等级的宏观指导原则，强调了根据多种因素综合确定的设计理念，符合general类的定义。虽然提到“宜根据...确定”，但并未具体规定某一具体的方法或措施，因此更接近于提供设计过程中的宏观指导而非具体的操作步骤。
听力测听室应做全浮筑房中房设计，且房间入口设置声闸；听力测听室的空调系统应设置消声器。,general,method,错误,该规范明确提出了听力测听室应采取的具体设计措施，包括“全浮筑房中房设计”和“设置声闸”，以及“空调系统应设置消声器”。这些描述均符合method类定义中的“应采取/采用xxx方法/措施”的特征，与method类样例中的“应设置消声设备或采取其他消声措施”等类似。而indirect类更多涉及的是需要从BIM模型中推导和计算的信息，本规范并没有体现这种特征。因此，该规范更适合归类为method类。
改、扩建工程应根据新的使用要求、新的火灾危险性特征及结构现状进行工程设计。,general,general,正确,该规范提供了关于改、扩建工程设计的宏观指导原则，强调根据新的使用要求、火灾危险性和结构现状来进行设计，类似于general类别的其他样本，均涉及宏观的设计指导思想和要求，而不是具体的操作步骤或方法。因此，它更符合general类的定义。
建筑结构的各项质量控制要求应由有关标准作出规定。,general,general,正确,该规范提供了宏观性的指导，即“建筑结构的各项质量控制要求应由有关标准作出规定”，这种表述方式类似于general类别的样例，强调了一种总体性、原则性的要求，而不是具体指向某一外部文档或标准。因此，它更适合归类为general类。
设计应对堆载的范围、分布和允许的堆载量提出要求。,general,general,正确,该规范提出了关于堆载的设计要求，这是一个宏观性的指导原则，类似于general类样本中的承载能力极限状态设计目标和荷载设计值等宏观指导性内容，而不涉及具体的从BIM模型中直接提取并进行推导的信息。因此，它更适合归类为general类。
厕所、卫生间、盥洗室和浴室的位置应符合下列规定：1 厕所、卫生间、盥洗室和浴室应根据功能合理布置，位置选择应方便使用、相对隐蔽，并应避免所产生的气味、潮气、噪声等影响或干扰其他房间。,general,general,正确,该规范提出了关于厕所、卫生间、盥洗室和浴室位置的宏观布局和位置选择的一般性指导原则，强调的是功能合理性、使用便利性和避免干扰其他房间的要求，而不是具体基于BIM模型中多个实体的位置关系进行推导和计算，因此更符合general类的特征。
短期气田开发区块宜根据气田滚动开发情况，采用临时性或可拆装移动的建筑。,general,method,错误,尽管规范中提到“宜根据气田滚动开发情况”这种宏观指导性的描述，但更核心的部分在于提出了具体的措施建议，即“采用临时性或可拆装移动的建筑”。这符合method类的定义，即规定了应采取的方法或措施。因此，该规范最终归类为method类更为合适。
框架结构应设计成双向梁柱刚接的抗侧力体系。,general,general,正确,尽管规范中提到了具体的结构设计方式“双向梁柱刚接的抗侧力体系”，但是该条款更多的是作为一个宏观的设计指导原则，类似于general类样例中的“单层厂房排架结构，应进行横向排架内力分析”。它并未详细说明具体应采取何种措施或步骤，更像是对整体设计方向的要求，因此归类为general更为合适。
3 泄压面积应按纺织工业企业有关防火标准的规定计算。,general,indirect,错误,尽管该规范具有宏观指导意义，但由于它明确指出了“泄压面积应按纺织工业企业有关防火标准的规定计算”，这意味着需要从BIM模型中提取相关数据进行计算，而不是简单的宏观指导，因此更符合indirect类的要求。
变电站悬式绝缘子宜选用盘形瓷绝缘子，绝缘子串的片数应按爬电比距法计算、污耐压法校验，综合比较后确定。,general,indirect,错误,尽管该规范包含宏观指导性的描述“宜选用盘形瓷绝缘子”，但关键在于“绝缘子串的片数应按爬电比距法计算、污耐压法校验，综合比较后确定”这部分内容需要通过一定的计算和推导来间接得出信息，符合indirect类的特征。因此，该规范最终归类为indirect类。
为在建材矿山工程建设项目工程设计中，统一设计内容和深度，保证设计文件的质量和完整性，制定本标准。,general,general,正确,该规范提供了关于设计内容和深度的宏观指导，并强调了设计文件质量和完整性的保证，符合general类的定义，即为设计过程提供宏观指导。而reference类通常涉及引入外部的图片、公式、表格以及他条款或附录的具体引用，该规范并未表现出这样的特征。因此，该规范更符合general类的特征。
厂区围墙与厂区内建(构)筑之间的间距不宜小于5m，围墙两侧的建(构)筑物之间应满足相应的防火间距要求。,indirect,indirect,正确,该规范涉及厂区围墙与厂区内建(构)筑之间的间距要求，以及围墙两侧建(构)筑物之间的防火间距要求。这些要求需要从BIM模型中提取多个实体的位置信息并进行间接计算或推导来验证，符合indirect类的特征。虽然规范提到了间距要求，但并未提及需要参照外部标准或规范，因此不属于reference类。
通信塑料管道的埋设深度(管顶至路面)，在人行道下不应小于0．5m；在车行道下不应小于0．7m；与电车轨道交越(管顶至轨道底)不应小于1．00m；与铁道交越(管顶至轨道底)不应小于1．50m。,indirect,direct,错误,该规范明确指定了通信塑料管道在不同条件下的埋设深度要求，这些具体的深度数值可以直接从BIM模型中检查和验证，无需进一步的推算或计算，因此符合direct类的特征。
当无梁楼盖的跨度大于6m，或其相邻跨度不等时，冲切荷载设计值应取按等效静荷载和静荷载共同作用下求得冲切荷载的1.1倍；当无梁楼盖的相邻跨度不等，且长短跨之比超过4:3，或柱两侧节点不平衡弯矩与冲切荷载设计值之比超过0.05(c＋h0)（c为柱边长或柱帽边长）时，应增设箍筋。,indirect,indirect,正确,该规范涉及具体的数值计算和条件判断，需要从BIM模型中的多个实体进行推导和计算。例如，规范中提到的“当无梁楼盖的跨度大于6m，或其相邻跨度不等时”和“当无梁楼盖的相邻跨度不等，且长短跨之比超过4:3”等条件判断，这些信息需要从BIM模型中抽取多个位置实体信息后进行一定的间接计算或推导，因此更适合归类为indirect类。而reference类则主要涉及引用外部图表或附录的情况，该规范并未提及需要参考外部图表或附录。
管孔数大于12孔(孔径48mm)或7孔(孔径31mm或55mm)时，进局管道宜修建电缆通道。,indirect,indirect,正确,尽管规范描述了“进局管道宜修建电缆通道”的具体设施，但其前提条件涉及“管孔数大于12孔(孔径48mm)或7孔(孔径31mm或55mm)”的具体数值判断，这需要从BIM模型中抽取多个位置实体信息后进行一定的间接计算或推导，因此更符合indirect类的特征。
制冷机冷负荷备用系数可取1．10～1．20，制冷设备数量不宜少于2台。,indirect,indirect,正确,该规范中的内容涉及“制冷机冷负荷备用系数可取1．10～1．20，制冷设备数量不宜少于2台”，这类似于间接类别的样本，其中提及了设备数量的具体要求，并且这种要求通常需要基于其他条件或计算得出，而不是直接与施工或维护过程相关。因此，它更适合归类为indirect类。
但常(负)压燃油 、燃气锅炉房可设置在地下二层 ，当常(负)压燃气锅炉距安全出口的距离大于6m时，可设置在屋顶上 。,indirect,indirect,正确,尽管规范直接指定了锅炉房可以设置的位置和条件，但是它还包含了具体距离的限制（例如“当常(负)压燃气锅炉距安全出口的距离大于6m时”），这需要从BIM模型中提取多个位置实体信息后进行一定的间接计算或推导来验证是否符合规范要求。因此，该规范更符合indirect类的特征。
座椅扶手中距，硬椅不应小于0．50m，软椅不应小于0．55m。,indirect,direct,错误,尽管该规范涉及到座椅扶手中的具体尺寸，但是这些尺寸是直接规定了座椅扶手的中距要求，可以像其他直接尺寸要求一样直接从BIM模型中检查确认。而间接类的特征通常是需要基于模型中的多个实体进行推导或计算，而不是单一尺寸的直接检查。因此，该规范属于direct类。
某个罐组的专用隔油池需要布置在该罐组防火堤内，其容量不应大于150m³，与储罐的距离可不受限制。,indirect,indirect,正确,尽管规范中提到的容量和距离要求看似需要参照外部标准来判断，但从定义来看，该规范主要描述的是隔油池与罐组、防火堤之间关系的具体数值限制，类似于间接类样本中的具体尺寸和间距要求，这些信息需要从BIM模型中提取相关实体信息并进行一定计算或推导才能验证，因此更适合归类为indirect类。
纵向接缝的间距应按路面宽度在3．0m～4．5m范围内确定，不宜设置在轮迹带上。,indirect,indirect,正确,尽管规范中提到的“纵向接缝的间距应按路面宽度在3．0m～4．5m范围内确定”涉及具体的尺寸范围，但这一要求涉及到对路面宽度的计算和推导，以确定适当的接缝间距。这一过程需要从BIM模型中抽取相关宽度信息并进行推导，因此更适合归类为indirect类。
必要时，对于次要负荷且线路长度小于8m的，绝缘电线可采用穿金属导管敷设，但应采用壁厚不小于6mm的钢导管并采取可靠的防水、防腐蚀措施。,indirect,method,错误,该规范主要描述了在特定条件下（次要负荷且线路长度小于8m）应采取的具体措施，包括使用特定规格的钢导管并采取防水、防腐蚀措施，符合method类中“规定了应采取的方法或措施”的定义。虽然规范中提到的条件需要根据具体情况判断，但这并不影响其作为方法或措施的规定性质。因此，该规范更适合归类为method类。
电缆隧道两端均应设通往地面的安全出口；当其长度超过100m时，安全出口的间距不应超过75m。,indirect,indirect,正确,尽管规范提到了安全出口的存在性，但它还涉及到了具体的数值条件（例如长度超过100m时，安全出口的间距不应超过75m），这需要从BIM模型中抽取多个位置实体信息后进行一定的间接计算或推导，因此更符合indirect类的特征。
铁皮沟流槽的转弯半径不宜小于流槽宽度的3倍。,indirect,indirect,正确,尽管规范中给出了具体的尺寸比例要求，即转弯半径不应小于流槽宽度的3倍，但这一要求涉及流槽宽度和转弯半径之间的相对关系，需要从BIM模型中提取流槽宽度数据并进行计算或推导才能验证是否满足规范，因此属于indirect类。
钢筋的直径，非抗震设计和抗震设计三、四级时，不应小于12mm；抗震设计一、二级时，不应小于14mm，且分别不应少于框架梁两端顶面和底面纵向受力钢筋中较大截面面积的1／4。,indirect,indirect,正确,尽管规范中指定了具体的钢筋直径数值限制，但这些限制是基于不同抗震设计等级下的条件判断，需要综合考虑多个实体信息（例如抗震设计等级和钢筋的位置）才能完全验证，因此更符合indirect类的特征。
若架空敷设时，泵房内地面敷设管道时不得跨越电气设备和阻碍通道，通行处的管底距地面不宜小于9．4m。,indirect,indirect,正确,尽管规范中提到“不得跨越电气设备和阻碍通道”，并且强调了“不宜小于9．4m”的具体距离要求，但它主要关注的是不同实体（管道和地面）之间相对位置和距离的规定，符合indirect类中需要从BIM模型中提取多个实体信息进行推导和计算的特点，而不是单纯描述敷设方法或措施。因此，该规范更适合被分类为indirect类。
当受弯构件粘贴的多层纤维织物允许截断时，相邻两层纤维织物宜按内短外长的原则分层截断；外层纤维织物的截断点宜越过内层截断点200mm以上，并应在截断点加设U形箍。,indirect,method,错误,尽管该规范包含了一些具体尺寸要求，如“外层纤维织物的截断点宜越过内层截断点200mm以上”，但整体来看，规范的主要内容集中在如何执行具体的操作步骤上，例如“宜按内短外长的原则分层截断”和“应在截断点加设U形箍”。这些描述符合method类的定义，即规定了应采取的方法或措施。因此，该规范更适合归类为method类。
上部车场轨道线路的高、低道最大高差不宜大于0．6m。,indirect,indirect,正确,"尽管规范中提到的具体数值""0．6m""可以视为直接检查的属性，但该数值涉及的是轨道线路高、低道的最大高差，这需要通过比较不同点的高度来间接确定，类似于indirect类样例中的多个实体间距离或高度的要求，因此更符合indirect类的特征。"
站内气瓶组的总储气容积应按1．5倍计算月平均日供气最确定。,indirect,indirect,正确,尽管规范中提到的储气容积计算可能需要参照特定的规范或公式，但从定义来看，关键在于该条款描述的是一个基于已有数据（月平均日供气量）进行计算的过程，即通过乘以1.5倍来确定总储气容积，这与间接类的特征相符，即需要从模型中提取的数据进行一定的计算或推导。而reference类主要指需要引用外部的资料、表格或公式，而此条款并未明确提到需要引用特定的规范或公式，故归类为indirect更为合适。
冷水循环泵不应少于21台，不宜设备用泵，热水循环泵不应少于10台，宜设备用泵。,indirect,indirect,正确,尽管规范中明确了冷水循环泵和热水循环泵的具体数量要求，但这些数量要求需要基于系统负荷或其他设计参数进行计算和推导才能确定，类似于间接样本中提到的“台数应满足热水供应系统的计算负荷”。因此，该规范更符合indirect类的特征，即需要从BIM模型中抽取多个位置实体信息后进行一定的间接计算或推导。
紫外线照射渠不宜少于2条。,indirect,indirect,正确,根据提供的样本，indirect类通常涉及具体数量要求的间接计算或推导，例如“不应少于两个”或“不宜大于2个”。文本中的“紫外线照射渠不宜少于2条”与此模式一致，强调的是数量上的最低要求，而不是术语定义，因此归类为indirect更为合适。而term类的样本主要涉及术语的中英文对照及其详细解释，明显与待分类文本不符。
室外地面的混凝土垫层宜设伸缝，间距宜为51m，缝宽宜为12mm～15mm，缝内应填耐候弹性密封材料，沿缝两侧的混凝土边缘应局部加强。,indirect,method,错误,该规范描述了具体的施工措施和方法，包括设置伸缝、填充耐候弹性密封材料以及混凝土边缘的局部加强，这些内容符合method类的定义，即规定了应采取的方法或措施。虽然规范中也包含了具体尺寸的要求，但这些尺寸更多是为了确保措施的有效实施，而不是需要从BIM模型中推导或计算的信息。因此，该规范更适合归类为method类。
当司机室采用空调时，新风量不宜少于人均30m³／h。,indirect,method,错误,尽管规范提到了具体的新风量数值，但它主要是在说明在司机室采用空调的情况下，应当采取何种措施（即保证新风量不少于人均30m³／h），这符合method类中规定的应采取某种方法或措施的要求。相比之下，indirect类更多涉及到的是需要通过计算或推导得出的空间或实体关系，而不是具体的操作方法或措施。因此，该规范更适合归类为method类。
必要时，对于次要负荷且线路长度小于15m的，绝缘电线可采用穿金属导管敷设，但应采用壁厚不小于2mm的钢导管并采取可靠的防水、防腐蚀措施。,indirect,method,错误,该规范明确指出了在特定条件下（次要负荷且线路长度小于15m）应采取的具体施工方法和措施，如“采用壁厚不小于2mm的钢导管并采取可靠的防水、防腐蚀措施”。这些描述符合method类中规定的应采取的方法或措施的定义，因此属于method类。尽管规范中涉及具体的数值要求，但这并不意味着需要进行复杂的计算或推导，而是直接给出了明确的操作步骤和标准。
当装有取水接口时，中水管道上必须采取严格的误饮、误用的防护措施。,method,method,正确,该规范明确指出了当装有取水接口时，中水管道上必须采取严格的误饮、误用的防护措施，这符合method类的定义，即规定了应采取的方法或措施。同时，与method类的样例相比，如“应采取防止水漫溢和渗漏措施”和“应采取护岸措施”，都是明确规定的防护措施，而indirect类的样例更多涉及具体的数值计算或设计上的具体要求，该规范并不涉及这些方面。因此，该规范应归为method类。
5 三相泡沫输送管路以及采空区预埋管路的直径不应小于108mm，采空区预埋管路应采取防堵塞措施。,method,method,正确,尽管规范中包含了“直径不应小于108mm”的具体数值要求，但更重要的是它明确规定了“采空区预埋管路应采取防堵塞措施”，这符合method类的定义，即规定了应采取的方法或措施。因此，该规范更符合method类的特征。
抽气管道不应有液袋，其敷设坡度不应小于0．3％，并应有防冻、排液措施。,method,method,正确,尽管规范中提到了具体的数值（坡度不应小于0．3％），但是该规范主要强调的是抽气管道不应有液袋，并且应采取防冻、排液措施，这些措施符合method类中规定的应采取的方法或措施的定义。因此，该规范更符合method类的特征。
空气调节和通风系统应采取过滤、消声、隔声和减振措施。,method,method,正确,该规范明确提出了应采取的具体措施，即“过滤、消声、隔声和减振措施”，这与method类定义中的“规定了应采取的方法或措施”的特征相吻合。虽然提到的措施可能涉及到一些推导和计算，但核心在于规定了具体的操作方法，而不是需要从BIM模型中推导出新的信息。因此，该规范更符合method类的特征。
当必须设门时，变配电所应采取正压或化学过滤等防腐蚀措施。,method,method,正确,根据method类的定义，该类条款规定了应采取的方法或措施，通常带有“应/宜采取/采用xxx方法/措施”的字样。待分类文本“当必须设门时，变配电所应采取正压或化学过滤等防腐蚀措施。”明确指出了应采取的具体方法（正压或化学过滤等防腐蚀措施），符合method类的特征。而indirect类通常涉及从BIM模型直接获得的信息进行推导和计算，该文本没有体现需要从模型中推导或计算的信息，因此更符合method类。
当计算护脚埋深较大时，可采取减小护脚埋深的防护措施。,method,method,正确,该规范明确提出了在某种条件（护脚埋深较大）下应采取的具体措施（减小护脚埋深的防护措施），符合method类的定义，即规定了应采取的方法或措施。尽管涉及计算，但核心在于采取何种措施，而非基于多个实体的间接计算或推导，因此不属于indirect类。
位于炎热地区的配变电所，屋面应有隔热措施。,method,general,错误,该规范提供了对于位于炎热地区的配变电所应采取隔热措施的宏观设计指导建议，符合general类的定义。虽然提到“隔热措施”可能让人联想到具体的实施方法，但整体上它更像是一个设计原则或要求，而不是具体的操作步骤或措施，因此更接近于general类而非method类。
综合布线区域内存在的电磁干扰场强高于3V／m时，宜采用屏蔽布线系统进行防护。,method,method,正确,该规范提到“宜采用屏蔽布线系统进行防护”，强调了在特定条件下应采取的措施，这符合method类的定义。尽管规范中提到需要评估电磁干扰场强是否高于3V/m，但这并不需要从BIM模型中进行复杂的推导和计算，而是直接指出了在条件满足时应采取的具体方法，因此更适合归类为method类。
蒸汽管道、蒸汽冷凝水管道以及高于50℃的热水管道应保温，北方地区室外的给水管道应采取防冻措施。,method,method,正确,该规范明确提出了对于蒸汽管道、蒸汽冷凝水管道、高于50℃的热水管道以及北方地区室外的给水管道应采取的具体措施（保温和防冻措施），符合method类中规定的应采取的方法或措施的定义。而indirect类的样本更多涉及具体数值和多实体间的关系计算，该规范并不涉及此类复杂的推导和计算。
配管配线应符合下列规定：1 配管、配线设计，有火灾及爆炸危险、灰尘、腐蚀、高温、潮湿、振动、静电、雷击及电磁场干扰环境，应采取防护措施。,method,method,正确,尽管规范开头使用了“应符合下列规定”的表述，类似于宏观指导，但具体条款详细说明了在特定环境下应采取具体的防护措施，符合method类中规定的应采取具体方法或措施的定义。因此，该规范更适合作为method类。
3 缆式感温探测器宜采用直接接触安装方式。,method,method,正确,该规范明确提出了缆式感温探测器的安装方式，即“宜采用直接接触安装方式”，这符合method类的定义，即规定了应采取的方法或措施。虽然间接类也涉及到一些具体要求，但这些要求往往需要从BIM模型中推导和计算得出，而本规范直接指定了安装方式，无需额外计算或推导，因此归类为method类更为合适。
当采用40mm及以上厚度的钢板焊接时，所有杆塔结构的钢材均应采取防止钢材层状撕裂的措施。,method,method,正确,该规范明确指出“应采取防止钢材层状撕裂的措施”，这种表述符合method类的定义，即规定了应采取的方法或措施。虽然规范涉及具体的技术参数和条件，但主要目的是强调采取某种措施，而不是需要从BIM模型中提取信息并进行推导和计算。因此，该规范更符合method类的特征。
12 洁净室的排风系统应设置防止室外气流倒灌的措施。,method,method,正确,该规范明确提出了“应设置防止室外气流倒灌的措施”，符合method类的定义，即规定了应采取的具体方法或措施。与method类样例中的其他条款类似，它们均强调了具体的防护或操作措施，而无需进行额外的推导或计算，因此归类为method类更为合适。
坝体巾孔、底孔宜采取防止冷空气侵入的措施。,method,method,正确,该规范明确提出了“宜采取防止冷空气侵入的措施”，这与method类的定义相符，即规定了应采取的方法或措施。同时，method类的示例也大多涉及“应采取/宜采取”的措辞，并且关注的是具体的措施方法，而不是需要间接计算或推导的信息。因此，该规范更适合归类为method类。
不设置地脚螺栓的非桩基储罐基础可不进行抗震验算，但应符合相应的抗震措施要求。,method,method,正确,该规范明确提出了“应符合相应的抗震措施要求”，这与method类中强调应采取某种方法或措施的要求相符。尽管也有宏观指导性的部分，但核心在于提出具体应采取的抗震措施，这与method类的定义更加契合。
输煤栈桥和其他建筑物连接处应设防止火灾蔓延的保护措施。,method,method,正确,该规范明确提出了“应设防止火灾蔓延的保护措施”，属于规定应采取具体措施的情况，符合method类的定义。尽管它涉及输煤栈桥和其他建筑物连接处的具体防火措施，但没有提到需要通过多个实体之间的关系进行推导和计算，因此不符合indirect类的典型特征。
位于寒冷地区的污水处理构筑物，应有保温防冻措施。,method,method,正确,该规范明确指出了在寒冷地区污水处理构筑物应采取的保温防冻措施，这与method类的定义相符，即规定了应采取的方法或措施。尽管提到了特定环境下的要求，但并未提及具体的施工或维护过程，因此不属于others类。
5 沿外墙架空敷设的给水管应根据当地气象条件采取防冻措施。,method,method,正确,该规范明确提出了应采取防冻措施，符合method类中关于规定应采取的方法或措施的定义。同时，对比others类的样例，该规范并没有涉及到施工或维护阶段的具体要求，也没有提及施工或维护相关的关键词，因此更符合method类的特征。
否则应采用降排水、换填、设置保温层或隔断层等措施。,method,method,正确,该规范明确提出了应采取“降排水、换填、设置保温层或隔断层”等具体措施，符合method类的定义，即规定了应采取的方法或措施。虽然涉及多个步骤，但并未要求进行额外的计算或推导，而是直接指出了具体的操作方法。因此，它更符合method类的特征，而不是需要进行间接计算的indirect类。
有积水的管沟，宜排净水后回填，否则应采取防止回填作业造成管道位移的措施。,method,method,正确,该规范明确提出了“宜排净水后回填，否则应采取防止回填作业造成管道位移的措施”，这符合method类的定义，即规定了应采取的方法或措施。虽然规范涉及到防止管道位移的具体措施，但并未提及需要基于BIM模型进行额外的推导或计算，而是直接指出了应采取的具体行动步骤，因此更适合归类为method类。
泄水孔可采用塑料管或铸铁管等，直径宜为50～100mm，安置时应向下倾斜3％～5％，进水口处应采取反滤和防堵措施。,method,method,正确,该规范描述了泄水孔的材质、直径大小以及安置方式，并强调了应采取的反滤和防堵措施，这些内容符合method类的定义，即规定了应采取的方法或措施。尽管规范中提到了具体的尺寸要求，但这些尺寸更多是为了说明措施的具体实施方式，而不是需要通过BIM模型进行推导和计算的信息。因此，该规范更适合归类为method类。
乙二醇的储存天数，当采用公路或管道运输时，宜为7d～10d；当采用铁路或内河及近海运输时，宜为10d～20d。,others,others,正确,尽管规范中提到了具体的天数范围，但这些天数范围主要与乙二醇的储存时间和运输方式相关，更多地指向施工或维护阶段的实际需求，而不是BIM模型内的直接属性或需要推导和计算的信息，因此归类为others类更为合适。
经过预压固结的地基可采用固结不排水试验。,others,general,错误,该规范提供了关于地基处理的一般性指导原则，即经过预压固结的地基可以采用固结不排水试验。这与general类的定义相符，因为它属于设计过程中的宏观指导，而不是需要通过BIM模型中的间接信息进行推导和计算的具体数值或间距要求。
脱硫剂采用箱内再生时，掺空气后煤气中含氧量应由煤气中硫化氢含量确定。,others,indirect,错误,该规范中的“含氧量应由煤气中硫化氢含量确定”表明需要通过煤气中硫化氢含量的数据来推导出含氧量的具体数值，这符合indirect类中需对从BIM模型直接获得的信息进行推导和计算的要求。而reference类更多指的是需要引入外部的图片、公式、表格以及他条款或附录的情况，该规范并未提及需要参照外部资料，因此不属于reference类。
施工前应进行成桩工艺和成桩强度试验。,others,others,正确,尽管该规范描述了一种应采取的方法或步骤，但由于它明确指出了“施工前”的时间背景，并且涉及到试验确定合理施工工艺的内容，这符合others类中与施工过程相关的条款特征。因此，将其归类为others更为合适。
工艺设备配置，应满足连续生产、大卷装、产量平衡和品种调整的要求。,others,general,错误,该规范提出了工艺设备配置应满足连续生产、大卷装、产量平衡和品种调整的宏观设计要求，类似于general类样本中的总体布置应满足工艺流程、洁净厂房布局应适应生产工艺改造和扩大生产规模的要求等，这些均属于宏观指导性建议，无法直接通过BIM模型处理，因此归类为general类更为合适。
发生火灾时，应能实现报警、急停、自动喷水。,others,direct,错误,该规范明确指出了在发生火灾时应实现的具体功能，即报警、急停、自动喷水，这些功能属性可以直接从BIM模型中检查相关设备或系统的存在情况，而不涉及需要推导和计算的多个系统协同工作。因此，该规范属于direct类。
供热热源应兼顾生产用热与辅助生产用热，宜充分利用生产余热。,others,general,错误,该规范提供了关于供热热源设计的一般性指导，强调了应兼顾生产和辅助生产用热，以及宜充分利用生产余热，这样的宏观指导并不依赖于从BIM模型中进行具体的推导或计算，而是对设计过程的整体方向性建议，因此更符合general类的特征。
点型探测器宜水平安装。,others,method,错误,该规范中的“宜水平安装”描述了推荐的安装方法或措施，符合method类的定义，即规定了应采取的方法或措施。尽管规范涉及点型探测器的安装位置和方式，但并未提及需要基于BIM模型中的信息进行进一步计算或推导，因此更符合method类的特征。
爆炸危险环境的仪表选型应满足车间防爆等级要求。,others,general,错误,该规范中的“爆炸危险环境的仪表选型应满足车间防爆等级要求”是一种宏观指导性要求，类似于general类的其他样本，强调了设计过程中应遵循的原则或要求，而不是具体引用外部标准或规定来进行判断。因此，它更适合归类为general类。
强夯施工前，夯击区内的地下设施应予搬迁；对夯击区周围15m以内的建筑物和地下设施等应考虑振动的影响，必要时应采取防振措施(如挖隔震沟等)或进行加固；在此范围外的，也应注意震动的影响。,others,others,正确,"尽管该规范提到了""应采取防振措施""等具体方法，但整体内容主要关注的是施工前的准备工作和施工过程中对周边环境的影响，特别是提到""强夯施工前""和""必要时应采取防振措施""，这表明规范的重点在于施工阶段的操作和影响，而不是单纯的设计方法或措施，因此更符合others类的定义。"
管道组成件不在制造厂试压时，可在现场进行压力试验；压力试验时，不应发生泄漏、破坏和塑性变形。,others,others,正确,尽管规范中提到了试验过程中应采取的方法和措施，但主要描述的是管道组成件在现场进行压力试验的操作，涉及到施工阶段的具体实施步骤，因此更符合others类的定义，即适用于施工或维护过程中的条款。
牛悬挂畜体剥皮加工工序应包括：牛（宰杀放血）-电刺激-预剥前蹄-去角、前蹄-预剥头皮-编号-去头-（头部检验、冲洗）-扎食管-预剥后腿皮-转挂畜体、换轨（滑轮芯片采集信息）-去后蹄-预剥臀部皮、尾皮-分离直肠-封肛-预剥胸部皮-预剥颈部皮-机器扯皮（编号）-（进入胴体加工工序）。,others,method,错误,尽管该规范描述了牛悬挂畜体剥皮加工工序，看似涉及具体的操作流程，但主要强调的是加工过程中应采取的具体步骤和方法，符合method类的定义。同时，从提供的样例来看，method类的样本多涉及具体操作步骤和措施，与此规范描述的详细加工工序步骤一致。而others类的样本更多涉及施工或维护过程中的具体做法和建议，此规范并不符合这一特征。因此，该规范最终归类为method类。
如果因抗浮不满足要求而将裙房范围设置抗浮桩，由于抗拔桩的支撑作用，裙房的沉降将受到限制，这就加大了高层与裙房间的沉降差，因此应考虑其影响。,others,general,错误,该规范描述了一种普遍的设计指导思想，涉及到设计过程中需要考虑的因素，如抗浮不满足要求时设置抗浮桩带来的裙房沉降差异等问题，需要设计者综合考虑其影响。这与general类的定义相符，即提供宏观设计指导，而这些指导目前无法直接通过BIM模型处理。
氨气浓度报警控制器发出的报警信息应传送至相关制冷机房控制室显示、报警。,others,direct,错误,根据direct类的定义和样例，该类主要关注可以直接从BIM模型中检查的显式属性和实体引用，如设置某个设备或功能。待分类文本中提到的“氨气浓度报警控制器发出的报警信息应传送至相关制冷机房控制室显示、报警”是一个明确的功能要求，可以直接检查BIM模型中是否正确设置了此功能，因此符合direct类的特征。尽管涉及到信息传输，但并不需要复杂的推导或计算，因此不属于indirect类。
4 熔铝炉宜使用磁力搅拌技术。,others,method,错误,该规范明确提出了熔铝炉“宜使用磁力搅拌技术”的具体方法或措施，这与method类的定义相符，即规定了应采取的方法或措施。尽管有“宜使用”的措辞，但仍强调了具体的实施手段，类似于method类样本中的“宜设置称量装置”和“应采取强制通风措施”。而general类则更多涉及设计原则和宏观指导，该规范并不符合general类的宏观指导特点。
当防雷系统采取等电位联结措施时，应将引人建筑内金属设备管道及金属建筑构件等连接成等电位体。,others,method,错误,该规范明确指出“当防雷系统采取等电位联结措施时，应将引人建筑内金属设备管道及金属建筑构件等连接成等电位体”，这是对具体措施和方法的说明，符合method类的定义，即规定了应采取的方法或措施。虽然规范涉及防雷系统的要求，但并未提及需要参照外部的标准或规范，因此不属于reference类。
洁净工作服洗涤、干燥和整理，应符合下列要求：1 空气洁净度100 000级及以上的医药洁净室(区)的洁净工作服洗涤、干燥和整理室，其空气洁净度等级不应低于300 000级。,others,reference,错误,尽管该规范提到了“洁净工作服洗涤、干燥和整理”的具体内容，但它主要关注的是不同级别洁净室的空气洁净度要求。这类条款通常需要参照相关的标准或规范来判断是否符合要求，类似于其他reference类别的样本，它们都涉及到需参照特定标准或规范的内容。因此，该规范更符合reference类的特征。
对铅精矿、锌精矿、混合铅锌精矿中所含主金属外的其他有价元素，应视其含量的经济价值回收利用。,others,general,错误,该规范提供了一种关于如何对待有色金属矿山中有价元素的宏观指导原则，强调根据其经济价值进行回收利用，类似于general类的样本提供的宏观设计原则和指导思想，而不是具体数值或条件的计算和推导。因此，它更适合归类为general类。
3 火灾报警及消防系统联锁功能。,others,method,错误,尽管该规范提到“火灾报警及消防系统联锁功能”可能涉及施工或维护阶段，但其核心在于规定了应采取何种联锁功能措施，这与method类中的其他样本相似，如“应设置泡沫灭火系统”或“采取防火措施”。因此，该规范主要描述的是应采取的措施或方法，符合method类的定义。
固体废弃物应回收和综合利用。,others,general,错误,该规范表述的是固体废弃物应回收和综合利用的原则性要求，属于宏观层面的设计指导思想，类似于general类样本中的“应根据...要求选用”、“应符合...要求”等表述。而method类则更多强调具体的措施和技术手段，如“应采取...措施”。因此，该规范更符合general类的定义。
区间线路线间距及其加宽应符合下列规定：1 直线地段的线间距不得小于表3．1．8-1规定的数值。,reference,reference,正确,尽管该规范提到了具体的数值要求，但核心在于需要参照外部表格（表3.1.8-1）来确定具体的线间距数值，这符合reference类的定义，即需要引入外部的表格来确定具体要求，而不是直接从BIM模型中获取的信息。因此，该规范属于reference类。
热处理车间地面荷载标准值，可按表F．0．2的规定采用。,reference,reference,正确,该规范提到“热处理车间地面荷载标准值，可按表F．0．2的规定采用”，明确指出了需要依据外部表格或数据来确定具体值，符合reference类的定义。而indirect类通常涉及的是需要从BIM模型中提取信息并进行推导计算的情况，该规范并未涉及这种情况。
当同一建筑地上、地下为不同使用功能时，楼梯踏步高度和宽度可分别按本标准表6．8．10的规定执行。,reference,reference,正确,该规范明确提到了“应按本标准表6．8．10的规定执行”，这表明它需要参考外部表格中的具体规定，符合reference类的定义，即需要引入外部的图片、公式、表格以及他条款或附录。而indirect类主要涉及从BIM模型中直接获得的信息进行推导和计算，该规范并不涉及这种情况。因此，最终分类应为reference类。
同时承受剪力和杆轴方向拉力的普通螺栓，应负荷下列公式的要求：[图片]73,reference,reference,正确,该规范明确提到螺栓应符合特定公式的具体要求，这与reference类的定义相符，即需要引入外部公式来验证规范要求。而indirect类则更多涉及从BIM模型中提取信息并进行计算或推导来满足规范要求，该规范并未体现这一点。因此，该规范更适合归类为reference类。
机物料仓库面积宜根据企业规模和易损件、纺专器材的消耗定额确定，也可按本规范附录H的规定确定。,reference,reference,正确,尽管规范提到根据企业规模和消耗定额确定面积，看似需要一定的推导和计算，但更为关键的是规范明确提到了“也可按本规范附录H的规定确定”，这意味着需要参照外部规范文件来进行确定，符合reference类的定义。因此，该规范应归类为reference类。
树脂混凝土的线收缩率不应大于0．005％，线收缩率试验检测应符合本标准附录D的规定。,reference,reference,正确,尽管规范中提到“线收缩率不应大于0．005％”，这一部分确实需要从BIM模型中获取相关数值并进行判断，但更重要的是，该规范明确指出了“线收缩率试验检测应符合本标准附录D的规定”，这意味着需要参考外部的附录内容，符合reference类的定义。因此，该规范更符合reference类的特征。
对于有大面积地面堆载的单层厂房和露天栈桥，当在使用过程中允许调整起重机轨道时，其地基设计应按现行国家标准《建筑地基基础设计规范》GB 50007的规定，计算由地面荷载引起柱基内侧边缘中点的地基附加沉降量，且不应超过其规定的允许值。,reference,reference,正确,尽管该规范涉及具体的地基沉降计算，需要基于BIM模型中的信息进行推导和计算，但它特别指出了需要按照现行国家标准《建筑地基基础设计规范》GB 50007的规定进行计算，强调了对外部规范的引用。因此，该规范更符合reference类的特征。
特大、大、中、小桥及涵洞按单孔跨径或多孔跨径总长分类规定见表1．0．5。,reference,reference,正确,该规范提到“特大、大、中、小桥及涵洞按单孔跨径或多孔跨径总长分类规定见表1．0．5”，这表明需要参照外部表格来获取详细分类标准，符合reference类的定义，即需要引入外部的图片、公式、表格以及他条款或附录。而general类更多是对设计过程提供宏观指导，不涉及对外部资料的引用。
岩溶场地可根据岩溶发育程度划分为三个等级，设计时应根据具体情况，按表6．6．2选用。,reference,reference,正确,尽管规范提供了关于岩溶场地等级划分的设计指导原则，但关键在于它明确指出了“按表6．6．2选用”，这表明需要参照外部表格来具体实施，符合reference类的定义。因此，相较于general类，该规范更倾向于需要引入外部信息来进行具体选择，故归为reference类。
常用防火板主要技术性能参数可见附录B表B．0．2。,reference,reference,正确,该规范明确提到“常用防火板主要技术性能参数可见附录B表B．0．2”，这一表述表明需要查阅外部资料（即附录B表B．0．2）来获取详细的技术参数，符合reference类的定义，即需要引入外部的表格。而term类则主要用于定义规范中使用的术语，格式为“中文 英文：解释”，该条文并不符合这一格式。因此，该规范应归类为reference类。
机墩上的作用及作用组合按表6．3．5采用。,reference,reference,正确,该规范提到“按表6．3．5采用”，明确指出了需要参考外部表格来确定具体的作用及作用组合，符合reference类的定义。虽然提到的具体数值和条件组合可能需要一定的推导，但这并不改变其主要特征，即依赖外部表格信息这一点。因此，将其归类为reference类更为合适。
轨道运输中部甩车场平曲线半径宜按表5．1．18选取，并应按车辆运送长材料时的条件进行校核。,reference,reference,正确,该规范提到“宜按表5．1．18选取”，并且需要“按车辆运送长材料时的条件进行校核”，这表明规范要求参照外部表格来确定平曲线半径，符合reference类的定义，即需要引入外部表格。虽然涉及到数值校核，但这主要依赖外部表格的数据，而不是基于BIM模型中的多个实体进行间接计算或推导，因此不属于indirect类。
储存库房内存放商品应紧凑、有规律，货架或堆垛间的通道净宽度应符合表4．3．6的规定。,reference,reference,正确,该规范提到“货架或堆垛间的通道净宽度应符合表4．3．6的规定”，这表明需要参考外部表格来确定具体数值，符合reference类的定义，即需要引入外部的图片、公式、表格以及他条款或附录。虽然涉及具体尺寸，但关键在于需要参照外部规定，而不是直接从BIM模型中获取信息或需要进行间接计算。
地下管线之间的最小水平间距及最小垂直净距，宜符合表7．2．3-1和表7．2．3-2的规定。,reference,reference,正确,该规范明确提到了“宜符合表7．2．3-1和表7．2．3-2的规定”，这符合reference类的定义，即需要引入外部表格来满足规范要求。虽然规范涉及到管线间距，但关键在于它指向了外部表格，而不是直接从BIM模型中进行推导或计算，因此不属于indirect类。
地下管线之间的最小垂直净距应符合表A．0．3的规定。,reference,reference,正确,该规范明确指出地下管线之间的最小垂直净距应符合表A．0．3的规定，这一要求需要参考外部表格来确定具体数值，符合reference类的定义。尽管规范涉及具体数值和条件判断，但其核心在于引用外部规定，而不是基于BIM模型内的信息进行推导计算，因此不属于indirect类。
当必须采用单独接地时，医疗电气设备接地应与医疗场所接地绝缘隔离，两接地网的地中距离应符合本规范第12．7．1条的规定。,reference,reference,正确,尽管该规范涉及具体数值和条件判断，但关键在于它引用了“本规范第12．7．1条的规定”，这意味着需要参照外部的具体条款或标准来进行判断，符合reference类的定义。而indirect类更多是基于从BIM模型中推导和计算特定信息，该规范并未明确表示需要这样的推导和计算过程。因此，该规范属于reference类。
采暖室内计算温度宜符合表14．1．5的规定。,reference,reference,正确,该规范明确提到“宜符合表14．1．5的规定”，这表明它需要参照外部表格中的信息来确定具体数值，与reference类的定义相符。而indirect类则更多涉及到基于BIM模型中信息的推导和计算，该规范并不涉及这样的过程。
最小单位水泥用量应满足表6．4．1-1的规定。,reference,reference,正确,该规范明确提到了“应满足表6．4．1-1的规定”，这表明需要参照外部表格来确定具体的水泥用量标准，这与reference类的定义一致，即需要引入外部的表格来完成规范要求。而indirect类通常涉及的是需要通过模型内多实体间关系进行计算或推导才能得出的结果，而不是单纯引用外部资料。
冷库负荷计算应符合现行国家标准《冷库设计规范》GB 50072的有关规定。,reference,reference,正确,该规范明确提到“冷库负荷计算应符合现行国家标准《冷库设计规范》GB 50072的有关规定”，这一表述指向需要引入外部标准进行参考，符合reference类的定义，即需要引入外部的标准或规范进行检查。而general类则侧重于提供宏观设计指导，不涉及具体的外部参考资料，因此该规范更符合reference类的特征。
建(构)筑物的抗震设防分类应按使用功能的重要性、生产规模、受灾停产后经济损失和修复难易程度等因素确定，并应符合表9．1．4的规定。,reference,reference,正确,尽管规范强调了抗震设防分类应根据多种因素综合确定，体现了宏观指导的思想，但该规范特别指出了“应符合表9．1．4的规定”，这表明需要参考外部的表格来确定具体的抗震设防分类，符合reference类的定义。
输气站的采暖通风和空气调节设计应符合现行国家标准《采暖通风与空气调节设计规范》GB 50019的有关规定。,reference,reference,正确,该规范明确提到“应符合现行国家标准《采暖通风与空气调节设计规范》GB 50019的有关规定”，这种表述需要参照外部标准或规范，符合reference类的定义。而general类通常指的是宏观指导性语言，不涉及具体引用外部规范或标准。因此，该规范更符合reference类的特征。
观众看台功能分类应符合表4．3．3的规定。,reference,reference,正确,该规范明确指出“观众看台功能分类应符合表4．3．3的规定”，这表明需要参考外部表格来确定具体的分类要求，符合reference类的特征。而general类通常是宏观指导性的描述，没有指向具体的外部参考资料。因此，该规范更符合reference类的定义。
粉末活性炭吸附 powdered activated carbon adsorption：投加粉末活性炭，用以吸附溶解性物质和改善臭、味的净水工序。,term,term,正确,该规范采用了“粉末活性炭吸附 powdered activated carbon adsorption”的术语定义格式，并解释了其具体含义和用途，符合term类的定义和前几个样本的特征。虽然涉及净水工序，但没有提到需要参考外部图片、公式、表格或其他条款，因此不属于reference类。
三击贯入度 the total penetration of three drives：指填充料夯实完毕后，以锤径为355mm，质量为3500kg的柱锤，落距为6．0m，连续三次锤击的累计下沉量。,term,term,正确,该规范提供了“三击贯入度”的定义及其具体解释，格式为“中文 英文：解释”，符合term类的定义特征。尽管描述中包含了具体的测量方法和参数，但这并不意味着需要参照特定的技术说明或图表，而是为了明确术语的定义，因此归类为term类更为合适。
防眩设施 anti-glare facilities：为夜间行车的驾驶人员免受对向来车前灯眩光干扰而设置的构造物。,term,term,正确,该规范的格式为“中文 英文：解释”，并且是对术语“防眩设施”的定义和说明，符合term类的定义。虽然它提供了详细的解释，但没有涉及到引用外部图片、公式、表格或他条款，因此不属于reference类。
酒店式办公楼 hotel-office building：提供酒店式服务和管理的办公楼。,term,term,正确,该规范采用了“中文 英文：解释”的格式，定义了“酒店式办公楼”这一术语及其对应的英文翻译，并提供了对该术语的简要解释，符合term类的定义。相比之下，它并未提供宏观设计指导，因此不符合general类的特征。
隔离墙 dividing wall：在软土地基中设置的对地基中渗流、竖向沉降或侧向挤压起隔离作用的连续墙体。,term,term,正确,该规范采用了“中文 英文：解释”的格式，具体定义了“隔离墙 dividing wall”的概念及其功能作用，符合term类的定义和样例特点。而reference类的样本多涉及引用外部图表、公式或标准规范的内容，与该规范的形式不符。
容许剪应力 allowable shear stress：沥青混合料的抗剪强度与抗剪强度结构系数之比。,term,term,正确,该规范采用了“容许剪应力 allowable shear stress：沥青混合料的抗剪强度与抗剪强度结构系数之比”的格式，即中文和英文解释并列的形式，这符合term类的定义。同时，提供的term类样本也多采用类似的术语定义格式，而reference类则更多涉及具体公式、图表引用或条款引用，因此该规范更符合term类的特征。
列车竖向动力 vertical dynamic force of train：列车运行时产生的竖向动力作用。,term,term,正确,该规范定义了“列车竖向动力”的中文和英文，并提供了其解释，符合term类的定义，即“此类条款定义了规范中使用的术语，格式为‘中文 英文：解释’”。虽然它描述了一种物理现象，但并没有引用外部的公式、表格或其他条款，因此不属于reference类。
其他用地(E)：规划范围内除居住区用地以外的各种用地，应包括非直接为本区居民配建的道路用地、其他单位用地、保留的自然村或不可建设用地等。,term,term,正确,该规范定义了“其他用地(E)”并详细列举了其包含的内容，符合术语定义的格式。尽管它提供了一些宏观指导性质的内容，但核心在于对“其他用地(E)”的明确定义和描述，类似于其他term类样本中的用地类型定义。因此，它更适合归类为term类。
多热源分别运行 independently operation of multi-heat sources：在采暖期或供冷期用阀门将供热系统分隔成多个单热源供热系统，由各个热源分别供热的运行方式。,term,term,正确,该规范提供了“多热源分别运行”的术语及其英文翻译，并对其进行了详细的解释，符合term类的定义，即定义了规范中使用的术语，格式为“中文 英文：解释”。虽然描述了一种具体的运行方式，但没有涉及到需要参考其他文档或附录来完整理解的内容，因此不属于reference类。
日变化系数 daily variation coefficient：最高日供水量与平均日供水量的比值。,term,term,正确,该规范采用了“中文 英文：解释”的格式，定义了一个术语及其英文翻译和含义，符合term类的定义。虽然涉及到了一个比值的计算，但其主要目的是为了定义术语，并不是为了引入外部的公式或计算方法，因此更符合term类的特征。
操作温度 operating temperature：在稳态操作条件下，一个系统内介质的温度。,term,term,正确,该规范采用了“中文 英文：解释”的格式，明确定义了一个术语及其含义，符合term类的定义。尽管涉及操作温度的定义可能需要参照特定条件，但这并不改变其作为术语定义的本质，因此不属于需要引入外部参考的reference类。
反应位移法Ⅱ seismic displacement method Ⅱ：适用于成层地层中地下结构的形状简单断面的反应位移法。,term,term,正确,该规范定义了术语“反应位移法Ⅱ seismic displacement method Ⅱ”及其适用范围，符合术语定义的格式，即“中文 英文：解释”。尽管它提到了特定的计算或分析方法，但主要目的是定义术语，而不是引用外部资源或具体应用方法，因此更符合term类的特征。
水环境敏感路段 sensitive section of water environment：路线穿越要求排放水质为不低于现行《地表水环境质量标准》（GB 3838）中Ⅳ类水质标准区域的路段，或穿越要求排放水质为不低于现行《海水水质标准》（GB 3097）中的第三类水质标准海域的路段。其中穿越要求水质不低于Ⅱ类区域或第一类海域的路段为水环境强敏感路段；要求水质不低于Ⅲ类区域或第二类海域的路段为水环境中敏感路段；要求水质不低于Ⅳ类区域或第三类海域的路段为水环境弱敏感路段。,term,term,正确,该规范定义了“水环境敏感路段”的概念，并详细描述了不同类型的水环境敏感路段及其对应的水质标准，这符合术语定义的格式，即“中文 英文：解释”。虽然规范提到了相关的水质标准，但主要目的是为了定义术语，而不是引用外部标准或公式。因此，更符合term类的特征。
弯道超高super elevation at curve：为平衡机动车在弯道上行驶所产生的离心力所设置的弯道横向坡度而形成的高差。,term,term,正确,该规范采用了“术语：解释”的格式定义了“弯道超高super elevation at curve”，符合term类的定义。虽然它包含了工程参数和专业解释，但其主要目的是定义术语及其含义，而不是引用外部标准或公式，因此更符合term类的特征。
绿化用地 green area：指公园用地内用以栽植乔木、灌木、草本植物的用地。,term,term,正确,该规范采用了“绿化用地 green area：指公园用地内用以栽植乔木、灌木、草本植物的用地。”这种格式，明确给出了术语及其英文翻译和解释，符合term类的定义。而reference类则主要涉及引用外部的标准或规范，该规范并未提及引用其他标准或规范，因此归类为term类更为合适。
塑料填料 plastic media：用以提供微生物生长的载体，有硬性、软性和半软性填料。,term,term,正确,该规范采用了“中文 英文：解释”的格式来定义术语“塑料填料”，这与term类的定义完全吻合。虽然解释部分提到了几种类型，但没有指向需要参考其他资料或章节的进一步说明，因此不属于reference类。
地震作用效应 seismic effect：由地震作用引起的桥梁结构内力与变形等作用效应的总称。,term,term,正确,该规范符合术语定义的格式“地震作用效应 seismic effect：由地震作用引起的桥梁结构内力与变形等作用效应的总称”，直接给出了术语及其英文翻译和解释，符合term类的定义。虽然描述了地震作用效应的概念和定义，但并未提及需要参考具体的地震作用标准或公式，因此更符合term类而非reference类。
塑性耗能区 plastic energy dissipative zone：在强烈地震作用下，结构构件首先进入塑性变形并消耗能量的区域。,term,term,正确,该规范的格式符合“中文 英文：解释”的定义模式，类似于term类的样例，如“染毒区 airtightless space：防空地下室中能抵御预定的爆炸动荷载作用，但允许染毒的区域。”它明确地定义了一个术语及其含义，并未涉及到需要引入外部图片、公式、表格或其他条款或附录的内容。因此，该规范应归类为term类。
典型气象日 typical meteorological day：在典型气象年中所选取的代表季节气候特征的一日。以典型气象年最热月（或最冷月）中的温度、日较差、湿度、太阳辐射照度的日平均值与该月平均值最接近的一日，称为夏季（或冬季）典型气象日。,term,term,正确,该规范提供了“典型气象日”的定义及其英文翻译，符合术语定义的格式，即“中文 英文：解释”。尽管定义中提到了需要参照特定的气象年数据，但主要目的是为了定义这个术语本身，而不是引入外部图片、公式或表格等信息。因此，它更符合term类的特征。
远控消防炮系统(简称远控炮系统) remote-controlled fire monitor extinguishing systems(abbreviation：remote-controlled monitor systems)：可远距离控制消防炮的固定消防炮灭火系统。,term,term,正确,该规范提供了远控消防炮系统的中文名称和英文翻译，并对其进行了简要的定义描述，符合术语定义的标准格式。虽然它涉及到特定系统的定义，但并未提及需要参照其他标准或规范进行进一步说明，因此更符合term类的特征。
